event,hijri_year,date_pakistan,verified,note
ramadan_start,1439,2018-05-17,False,"Recalled, not yet checked against an official source; Pakistan is often +1 day vs Umm al-Qura"
eid_ul_fitr,1439,2018-06-16,False,"Recalled, not yet checked against an official source"
eid_ul_adha,1439,2018-08-22,False,"Recalled, not yet checked against an official source"
ramadan_start,1440,2019-05-06,False,"Recalled, not yet checked against an official source"
eid_ul_fitr,1440,2019-06-05,False,"Recalled, not yet checked against an official source (2019 sighting was disputed)"
eid_ul_adha,1440,2019-08-12,False,"Recalled, not yet checked against an official source"
ramadan_start,1441,2020-04-25,False,"Recalled, not yet checked against an official source"
eid_ul_adha,1441,2020-08-01,False,"Recalled, not yet checked against an official source"
ramadan_start,1442,2021-04-14,False,"Recalled, not yet checked against an official source"
eid_ul_adha,1442,2021-07-21,False,"Recalled; consistent with PBS skipping the 22-07-2021 SPI release"
ramadan_start,1443,2022-04-03,False,"Recalled, not yet checked against an official source"
eid_ul_fitr,1443,2022-05-03,False,"Recalled; consistent with PBS skipping the 05-05-2022 SPI release"
eid_ul_adha,1443,2022-07-10,False,"Recalled, not yet checked against an official source"
eid_ul_fitr,1444,2023-04-22,False,"Recalled, not yet checked against an official source"
eid_ul_adha,1444,2023-06-29,False,"Recalled; consistent with PBS skipping the 29-06-2023 SPI release"
ramadan_start,1445,2024-03-12,False,"Recalled, not yet checked against an official source"
eid_ul_adha,1445,2024-06-17,False,"Recalled, not yet checked against an official source"
ramadan_start,1446,2025-03-02,False,"Recalled, not yet checked against an official source"
eid_ul_fitr,1446,2025-03-31,False,"Recalled, not yet checked against an official source"
eid_ul_adha,1446,2025-06-07,False,"Recalled, not yet checked against an official source"
