signal,group,weeks with signal,P(shock | signal) %,P(shock | no signal) %,difference (pp),95% CI low,95% CI high,Fisher p
Rupee fell >2% in past 8 weeks,Q1,100,23.0,10.780669144981413,12.219330855018589,3.1766061139670536,21.262055596070123,0.004051042422245414
Rupee fell >2% in past 8 weeks,Q5,100,27.0,8.178438661710038,18.821561338289968,9.524121705332021,28.11900097124791,8.449776394042496e-06
Rupee fell >2% in past 8 weeks,Combined,100,26.0,10.780669144981413,15.219330855018587,5.857252093203691,24.581409616833483,0.0004931141642904059
Shock in past 4 weeks,Q1,146,21.232876712328768,9.417040358744394,11.815836353584372,4.154173565402072,19.47749914176667,0.002030610557122127
Shock in past 4 weeks,Q5,133,21.804511278195488,8.47457627118644,13.329935007009047,5.4639434178186175,21.195926596199477,0.0006500821544565705
Shock in past 4 weeks,Combined,149,22.818791946308725,9.545454545454547,13.27333740085418,5.4961389932502405,21.05053580845812,0.0005718396445805581
Momentum-item spikes (>=2 in 4 weeks),Q1,214,16.355140186915886,10.967741935483872,5.387398251432016,-1.595408664533772,12.370205167397803,0.1726792209401044
Momentum-item spikes (>=2 in 4 weeks),Q5,214,16.355140186915886,9.032258064516128,7.322882122399759,0.6204952394855023,14.025269005314014,0.044072210642885204
Momentum-item spikes (>=2 in 4 weeks),Combined,214,18.22429906542056,10.32258064516129,7.90171842025927,0.8521690154114983,14.95126782510704,0.0385964267983545
Fiscal year starts next week,Q1,7,42.857142857142854,13.535911602209943,29.32123125493291,-7.5083784392033115,66.15084094906913,0.06121358561634317
Fiscal year starts next week,Q5,7,42.857142857142854,12.70718232044199,30.149960536700863,-6.670841837635383,66.97076291103711,0.05241067866763769
Fiscal year starts next week,Combined,7,42.857142857142854,14.3646408839779,28.492501973164952,-8.345715088254856,65.33071903458476,0.07074568766469945
Fuel-price review next week,Q1,170,14.705882352941178,13.5678391959799,1.138043156961277,-6.002206697970304,8.278293011892858,0.766178392049323
Fuel-price review next week,Q5,170,16.470588235294116,10.552763819095476,5.91782441619864,-1.1043687780910207,12.940017610488303,0.12326313597963502
Fuel-price review next week,Combined,170,17.058823529411764,13.06532663316583,3.9934968962459347,-3.3481369751438947,11.335130767635764,0.30681523585007536
Eid ul-Adha within 4 weeks,Q1,28,14.285714285714285,14.076246334310852,0.2094679514034331,-13.26738887439349,13.686324777200356,1.0
Eid ul-Adha within 4 weeks,Q5,28,10.714285714285714,13.48973607038123,-2.7754503560955173,-14.79198339645366,9.241082684262626,1.0
Eid ul-Adha within 4 weeks,Combined,28,14.285714285714285,14.95601173020528,-0.6702974444909943,-14.173224638058363,12.832629749076375,1.0
Ramadan next week,Q1,36,8.333333333333332,14.714714714714713,-6.381381381381381,-16.178980154631002,3.4162173918682424,0.44826341914831763
Ramadan next week,Q5,36,13.88888888888889,13.213213213213212,0.6756756756756771,-11.192528113223691,12.543879464575044,0.8012230405132529
Ramadan next week,Combined,36,13.88888888888889,15.015015015015015,-1.1261261261261257,-13.05701557218796,10.80476331993571,1.0
