week_end,Combined w/w %,Q1 w/w %,Q5 w/w %,main component,largest item
2023-11-16,9.949487763232767,6.625401984854262,8.070360598065074,utility tariffs,gas_q1 (+480%)
2022-09-22,-8.107985891290582,-8.445195128455863,-4.075403949730704,utility tariffs,electricity_q1 (-64%)
2022-10-27,4.126272713986445,4.639908909763735,0.8847909099375828,utility tariffs,electricity_q1 (+89%)
2025-07-24,4.066660342156014,3.981126511353583,3.025747040030069,utility tariffs,gas_q1 (+30%)
2023-07-27,3.7260591990713854,2.490599754290601,3.873980783217856,utility tariffs,electricity_q1 (+21%)
2022-07-28,3.683158420789612,3.2690168770250105,3.535202863961806,utility tariffs,electricity_q1 (+26%)
2022-06-30,3.633888365273852,3.790723637470816,3.0009830806643434,utility tariffs,electricity_q1 (+28%)
2022-06-16,3.384733158355213,2.8456574632391707,3.0979400849782124,motor fuel,petrol (+11%)
2022-08-18,3.353906511650173,1.7982944011865063,3.937571592210776,utility tariffs,electricity_q1 (+7%)
2023-02-16,2.8925800937897206,2.452805958649029,2.941810809644996,staple food,petrol (+9%)
