horizon (weeks),Q1,Q5,Combined
1,0.013444439026188915,0.07364677532799353,0.039949796062567954
2,0.00850311427614232,0.09858345944907815,0.04681444259256812
3,0.08765683646545236,0.23171428463395785,0.15778760883858609
4,0.09875403676616112,0.3399063953447652,0.21536410572008083
5,0.1585135967472593,0.40430514449556376,0.27508632405378564
6,0.3042600820025091,0.5051304099628556,0.4049471590237094
7,0.45599994452618947,0.6106292780450191,0.5546802009566172
8,0.438118197534415,0.5877793720880647,0.5160961426318298
9,0.35045233676140514,0.5314979809030045,0.42019983269171135
10,0.3925045816171503,0.5514603636990008,0.4277804624445336
11,0.4410585162575468,0.5876308283156653,0.4556515879710661
12,0.46713213335773907,0.6332845159290142,0.4893851165017933
13,0.5135105489120229,0.6843634261376377,0.5668737505818658
