,spi_wow_pct,spi_chg_4w,shocks_last_4w,fx_chg_4w,fx_chg_8w,fx_chg_13w,momentum_spikes_4w,momentum_basket_chg_4w,infl_staples_4w,infl_perishables_4w,infl_utilities_4w,infl_motor_fuel_4w,policy_rate,fuel_review_next_week,fy_start_next_week,pre_eid_adha_4w,ramadan_next_week
spi_wow_pct,1.0,0.5031647761767958,0.3199790260689212,0.07051318687358862,0.11969984067281517,0.17372719533568315,0.1679508696393153,0.22266084981551384,0.2169683146751795,0.29865050131232734,0.24130299412875902,0.23511911098381294,-0.010133063833665844,-0.08375804764716419,-0.010070694416789962,0.09751665607399763,0.042785453731282556
spi_chg_4w,0.5031647761767958,1.0,0.6980884544825734,0.06820372980695548,0.1611717803360894,0.2616417572896792,0.24282365829100078,0.40904093900898675,0.41041110830860333,0.5288878872745788,0.44993123079786385,0.3904625851494866,0.04509782313982644,-0.014738127723087805,0.00037761128358791647,0.04066774837649872,0.04584974388185023
shocks_last_4w,0.3199790260689212,0.6980884544825734,1.0,0.18638243143166022,0.2513167513627579,0.25936946488771423,0.21383048722901252,0.2636008391464692,0.27133146988659096,0.34949412937293506,0.31752230075646914,0.27723069379010556,0.12067967003000978,-0.011787621502774424,0.010640927223611025,0.04597071401036276,0.10168727141137351
fx_chg_4w,0.07051318687358862,0.06820372980695548,0.18638243143166022,1.0,0.652784546323477,0.5848934137712583,0.18543090741137278,0.07182520577624982,0.3263359577367219,-0.0894108732019057,-0.03099295135772991,0.12283705988507283,0.021901958426659675,-0.007991800674621768,0.10658077174930852,0.1254084240240339,0.012851820575891503
fx_chg_8w,0.11969984067281517,0.1611717803360894,0.2513167513627579,0.652784546323477,1.0,0.7647190694745037,0.18824878873915485,0.06057883246946139,0.3600913706354234,-0.06999389913853725,0.012192027872972362,0.21452712481385133,0.04297557349995526,-0.008564079594376812,0.07764956711921014,0.16723153075105965,0.06492485647240157
fx_chg_13w,0.17372719533568315,0.2616417572896792,0.25936946488771423,0.5848934137712583,0.7647190694745037,1.0,0.18684678188912257,0.09938739218702593,0.40674864222082063,0.11789023711830807,0.022419747898627482,0.17240214129472192,0.04631225793226788,-0.001254444258772917,0.06920154233225956,0.12192547434653823,0.023198156153043038
momentum_spikes_4w,0.1679508696393153,0.24282365829100078,0.21383048722901252,0.18543090741137278,0.18824878873915485,0.18684678188912257,1.0,0.5786054880115847,0.22256392932701596,0.3672539758559514,-0.005376812544580459,-0.02119896762457182,0.07525234384648599,-0.006023072285321857,0.10242371719713751,0.013639957114066943,0.37265147960151424
momentum_basket_chg_4w,0.22266084981551384,0.40904093900898675,0.2636008391464692,0.07182520577624982,0.06057883246946139,0.09938739218702593,0.5786054880115847,1.0,0.2077817196456896,0.5972171833856347,0.017150716617034576,0.025603714391502108,0.09002329838109725,0.0033212682192873925,0.09194834755365766,0.04650522422001528,0.06278288792912447
infl_staples_4w,0.2169683146751795,0.41041110830860333,0.27133146988659096,0.3263359577367219,0.3600913706354234,0.40674864222082063,0.22256392932701596,0.2077817196456896,1.0,0.15647986636263594,-0.10427848485190262,0.18876264046536206,-0.054165867155917646,0.015222020141145346,0.06853674677285872,0.06384586474306847,-0.046952725378079145
infl_perishables_4w,0.29865050131232734,0.5288878872745788,0.34949412937293506,-0.0894108732019057,-0.06999389913853725,0.11789023711830807,0.3672539758559514,0.5972171833856347,0.15647986636263594,1.0,-0.04218722161245645,-0.04058685970782588,-0.009685796781401733,-0.010913413777827912,0.024349816648612212,0.01685763245988383,0.022741373894998893
infl_utilities_4w,0.24130299412875902,0.44993123079786385,0.31752230075646914,-0.03099295135772991,0.012192027872972362,0.022419747898627482,-0.005376812544580459,0.017150716617034576,-0.10427848485190262,-0.04218722161245645,1.0,0.08946269527335693,0.11541932125085941,-0.011593227283175,0.0780434323172377,-0.029997999067585636,-0.019825700636109448
infl_motor_fuel_4w,0.23511911098381294,0.3904625851494866,0.27723069379010556,0.12283705988507283,0.21452712481385133,0.17240214129472192,-0.02119896762457182,0.025603714391502108,0.18876264046536206,-0.04058685970782588,0.08946269527335693,1.0,-0.09236792797135586,-0.003202004057716554,-0.035850964623557816,0.07723480444029224,-0.03994041692067798
policy_rate,-0.010133063833665844,0.04509782313982644,0.12067967003000978,0.021901958426659675,0.04297557349995526,0.04631225793226788,0.07525234384648599,0.09002329838109725,-0.054165867155917646,-0.009685796781401733,0.11541932125085941,-0.09236792797135586,1.0,0.000995186840769855,-0.006253914599592627,-0.01153980975923153,-0.011843063954115333
fuel_review_next_week,-0.08375804764716419,-0.014738127723087805,-0.011787621502774424,-0.007991800674621768,-0.008564079594376812,-0.001254444258772917,-0.006023072285321857,0.0033212682192873925,0.015222020141145346,-0.010913413777827912,-0.011593227283175,-0.003202004057716554,0.000995186840769855,1.0,0.15062124901445711,-0.01773447968281361,0.008407850464563722
fy_start_next_week,-0.010070694416789962,0.00037761128358791647,0.010640927223611025,0.10658077174930852,0.07764956711921014,0.06920154233225956,0.10242371719713751,0.09194834755365766,0.06853674677285872,0.024349816648612212,0.0780434323172377,-0.035850964623557816,-0.006253914599592627,0.15062124901445711,1.0,0.11028196569273625,-0.04559043378597736
pre_eid_adha_4w,0.09751665607399763,0.04066774837649872,0.04597071401036276,0.1254084240240339,0.16723153075105965,0.12192547434653823,0.013639957114066943,0.04650522422001528,0.06384586474306847,0.01685763245988383,-0.029997999067585636,0.07723480444029224,-0.01153980975923153,-0.01773447968281361,0.11028196569273625,1.0,-0.09393857754116239
ramadan_next_week,0.042785453731282556,0.04584974388185023,0.10168727141137351,0.012851820575891503,0.06492485647240157,0.023198156153043038,0.37265147960151424,0.06278288792912447,-0.046952725378079145,0.022741373894998893,-0.019825700636109448,-0.03994041692067798,-0.011843063954115333,0.008407850464563722,-0.04559043378597736,-0.09393857754116239,1.0
