,Q1,Q1,Q5,Q5
,target_spi_wow_pct_next,target_spi_chg_next4w,target_spi_wow_pct_next,target_spi_chg_next4w
spi_wow_pct,0.23803560050875758,0.16840649386193043,0.2144803453576671,0.17260700022753928
spi_chg_4w,0.12462839397604332,0.12913022454741238,0.1455210929312898,0.17268622239671128
shocks_last_4w,0.11161752740836228,0.12114008805142293,0.09594488680114326,0.13944364427635145
fx_chg_4w,0.08954252963739777,0.2170858281918396,0.10748877153445949,0.26745604116232163
fx_chg_8w,0.1429015624801855,0.29168563910460976,0.13633836084706252,0.27523800656409536
fx_chg_13w,0.16300046547392064,0.281560905637258,0.14115365946549843,0.2198026681660338
momentum_spikes_4w,0.07070590648133201,0.07050056832149917,0.05325655449164693,0.07592731425355424
momentum_basket_chg_4w,0.1097739004182155,0.08809147284448941,0.08980962067875577,0.08925359009868004
infl_staples_4w,0.17124627838213324,0.2586463658507153,0.15036456116842023,0.22946283487051242
infl_perishables_4w,-0.017250582218030372,-0.0971945113891343,-0.0004107110655717438,-0.04741592801019834
infl_utilities_4w,0.07700043409632207,0.12098383293575886,0.14022871357326808,0.2550082826883176
infl_motor_fuel_4w,0.06097080262598177,0.06496732029638501,0.11130414884117164,0.13715431986358323
policy_rate,0.006319296281881376,0.009278146970359044,-0.024840585832182405,0.007328750705594073
fuel_review_next_week,0.08447312405209563,0.013025598797517742,0.08498302823432564,0.011728228399358605
fy_start_next_week,0.15609669552605004,0.14792922034556627,0.10052044982684795,0.12395090383773358
pre_eid_adha_4w,0.05764565814218561,0.0902862930463895,0.021232690632860568,0.0013620776968205313
ramadan_next_week,-0.03172487456316554,-0.10038315137768725,-0.004115634827858843,-0.054620244131976886
