,n,mean,median,SD,IQR,robust SD (IQR/1.349),SD / robust SD,skewness,excess kurtosis,min,max
"SPI y/y inflation, Combined (%)",370.0,17.5790829072777,15.230582610561594,12.65801112188213,18.5966659296169,13.785519592006597,0.9182106657206999,0.6447279275709418,-0.3898541173670611,-3.523458486911968,48.35254395156596
PKR/USD weekly change (%),369.0,0.1558452585611123,0.009503949311318,1.3081084088235853,0.4654915261211089,0.3450641409348472,3.7909137857085353,3.5889728162757946,34.297772149570235,-5.453406036184649,13.516090571979134
PKR/USD change over 8 weeks (%),362.0,1.2491457785125173,0.05098967111898385,4.018615515873975,2.6492786594482842,1.963883365046912,2.0462597664388182,2.062746590245399,6.837291638825096,-9.003916738457285,21.134425649941324
SBP policy rate (%),370.0,13.256081081081081,12.0,5.075993986674692,7.0,5.189028910303929,0.9782165554320228,0.5195151126913544,-0.9454255820456767,7.0,22.0
"Staple food, weekly price change (%)",370.0,0.25976023376013985,0.17425822053256596,0.4852280349133443,0.4344267037373353,0.32203610358586754,1.5067504218015835,2.59693088378911,15.217900732390536,-1.6527765768653069,3.883622749816857
"Perishable food, weekly price change (%)",370.0,0.5956324473202617,0.35279610477379614,4.030571160101848,5.331799716690063,3.9524089819792905,1.0197758325312316,0.20383767818575194,0.07010884032590425,-9.086391240951151,14.564820977920482
"Utility tariffs, weekly change (%)",370.0,0.723216566926113,0.0,7.608835470880611,0.0,,,5.45243708197328,62.49360387795004,-51.91330056614088,79.04546293767078
"Petrol and diesel, weekly change (%)",370.0,0.406488327500194,0.0,3.8089854921884623,0.0,,,2.6081551313673077,25.258106994684653,-19.74586136021124,33.87488383796821
Momentum-item spikes in past 4 weeks (count),367.0,1.9673024523160763,2.0,1.543192019956833,2.0,1.4825796886582654,1.0408830174608839,0.9564808391486224,1.2250287787571268,0.0,8.0
