item,category,n_spikes,median_spike_pct,median_change_next_8wks_pct
tomatoes,food,140,15.673016284968533,-4.482212074417902
wheat_flour,food,11,10.05210756826509,-0.43628093681844504
sugar,food,9,5.850040671579659,-0.05236973149287394
gents_chappal,clothing_footwear,5,22.41480717402151,0.0
ladies_sandal,clothing_footwear,5,13.371020353246443,0.0
electricity_q1,energy,19,9.867152750702978,0.0
gents_sandal,clothing_footwear,6,14.151533584738996,0.0
eggs,food,29,6.970083217174672,0.4435383834761275
chicken,food,81,9.093390443898652,0.7710753439114981
lpg,energy,34,8.227417745505328,1.3042063335254372
petrol,energy,18,8.017121011159034,2.3170174224840245
pulse_masoor,food,7,7.537494106593101,3.880451391871542
diesel,energy,17,9.587898492265534,4.548690248837417
pulse_moong,food,9,6.509828513366944,5.720113336491384
garlic,food,15,5.5185559874527,6.4328713433631
bananas,food,31,7.340267167786951,9.718310020856258
pulse_gram,food,6,6.904189063101285,10.823695828471891
tea_packet,food,6,6.65454958136511,11.953418324900245
chilies_powder,food,13,7.7103859119458384,12.574225797716654
onions,food,78,9.743051689888071,14.699090797398773
potatoes,food,35,7.61927773743567,16.263167860294914
