item_id,impact_q1,impact_combined,q1_minus_combined
petrol,2.1828818953237055,10.683257819249425,-8.50037592392572
gas_q1,13.46625965219944,17.188756768489633,-3.7224971162901923
electricity_q1,8.100518428915544,10.52987039597309,-2.4293519670575456
mutton,0.6107838629267195,2.7559442610042972,-2.1451603980775777
cooking_oil_5l,2.699048901902918,4.098644480468453,-1.3995955785655347
lpg,0.9573001487182808,2.3333754944685574,-1.3760753457502766
beef,2.8050267169038503,3.8252512235759073,-1.020224506672057
milk_fresh,13.632822033505853,14.648561999301684,-1.0157399657958308
curd,0.5681017952736629,1.4366640649580438,-0.8685622696843809
chicken,1.7229372714065425,2.4723150006546555,-0.749377729248113
cooked_beef,0.6205583205981874,1.320104524438393,-0.6995462038402057
eggs,1.4152705551138116,1.8808447879674661,-0.4655742328536545
bread,0.0915133792681624,0.5184375877467124,-0.42692420847855006
powdered_milk,0.06435768721463506,0.3093015174742238,-0.24494383025958874
bananas,0.40096670642360654,0.5786006236640795,-0.17763391724047295
georgette,0.6200817664952205,0.7529544582165277,-0.13287269172130722
diesel,0.014961650580469436,0.1261437718157896,-0.11118212123532015
shirting,0.03367532477723086,0.109715060227047,-0.07603973544981613
telephone_call,0.0082,0.0739,-0.0657
energy_saver,0.14619273645690395,0.20072449404407425,-0.0545317575871703
pulse_mash,0.19006037713738635,0.2261517319390987,-0.036091354801712355
mustard_oil,0.026695732013544596,0.04359728222312208,-0.01690155020957748
ladies_sandal,0.6269406242581134,0.63726901322611,-0.010328388967996593
cooked_daal,1.326404992029521,1.3351726098808583,-0.008767617851337395
garlic,0.17613876047140903,0.16737115897093793,0.008767601500471095
salt,0.1700088479958733,0.1420065948173807,0.028002253178492587
gents_chappal,0.23322359272528093,0.18470690064480852,0.04851669208047241
gur,0.14882065967131283,0.06895602991848981,0.07986462975282302
tea_prepared,2.5395552091296127,2.457334633721859,0.08222057540775385
pulse_masoor,0.385683008683782,0.28840875206182826,0.09727425662195377
gents_sandal,0.6032,0.4984,0.10479999999999995
lawn,1.362415743738599,1.2506885435430615,0.11172720019553761
match_box,0.3359901134955461,0.1948590363331688,0.14113107716237727
toilet_soap,0.9153455769376243,0.7448697224762909,0.1704758544613334
pulse_gram,0.470779086088111,0.28091843628408864,0.18986064980402234
pulse_moong,0.4431303272688624,0.24336146665558145,0.19976886061328097
long_cloth,4.414409330068117,4.195809577982426,0.21859975208569082
rice_irri,0.5781438666848019,0.16901227965438276,0.40913158703041913
tomatoes,1.756130954902573,1.2195037683825398,0.5366271865200332
potatoes,1.208173216649703,0.663280072270239,0.544893144379464
tea_packet,2.5288128784270594,1.9736610211263608,0.5551518573006986
washing_soap,1.3911272414032492,0.7615734454596653,0.6295537959435838
cigarettes,2.0360208603696597,1.3985963796023864,0.6374244807672733
chilies_powder,1.7601877563247017,1.1051469750787097,0.655040781245992
sugar,2.552796110559537,1.632409060028572,0.920387050530965
onions,3.0306056649693365,1.8403364328731813,1.1902692320961552
rice_basmati,3.3190497608718013,1.4712316462441908,1.8478181146276105
wheat_flour,6.396479590912487,4.224641016103321,2.1718385748091658
ghee_2_5kg,4.315462044437717,1.9965216629772478,2.318940381460469
firewood,3.1830919027529285,0.7649572471400349,2.4181346556128935
ghee_1kg,4.734620392718279,2.193554828979517,2.541065563738762
