week_end,Q1_over_Q5_relative_price_level
2019-09-30,1.0004482340512775
2019-12-31,1.004033163737073
2020-03-31,1.025011337789108
2020-06-30,1.0528241110394088
2020-09-30,1.0451939585020353
2020-12-31,1.021447054600214
2021-03-31,1.0661025370458816
2021-06-30,1.0688086298685233
2021-09-30,1.067601635344986
2021-12-31,1.036955726063143
2022-03-31,1.040872871261324
2022-06-30,1.02233405875565
2022-09-30,0.9669376041464055
2022-12-31,1.022482244420436
2023-03-31,1.0016019254785766
2023-06-30,1.0063676199184115
2023-09-30,0.9881057402048361
2023-12-31,0.980276209665469
2024-03-31,0.9665113613013248
2024-06-30,0.9733607566708257
2024-09-30,0.971221665166331
2024-12-31,0.9803817247044829
2025-03-31,0.9550161492256827
2025-06-30,0.9522928490064068
2025-09-30,0.9763189002890731
2025-12-31,0.9688016387158204
2026-03-31,0.9494700079438286
2026-06-30,0.9407185663943803
2026-09-30,0.9535924889497711
2026-12-31,0.9534099279151528
