,impact_q1,impact_q1,impact_q1,impact_q1,impact_combined,impact_combined,impact_combined,impact_combined
category,clothing_footwear,energy,food,household,clothing_footwear,energy,food,household
FY,,,,,,,,
FY20,0.7031999999999999,-0.5009,7.5084,0.1301,0.6768000000000001,-2.7851,6.0708,0.0928
FY21,0.8723,6.6822,7.951200000000001,0.4244,0.861,4.9708000000000006,8.1409,0.3421
FY22,1.3265,4.3527,17.808699999999998,1.1973,1.3193,10.1236,16.3778,0.8032
FY23,2.034,1.3633999999999993,20.2477,2.3277,1.9798,4.759399999999999,18.159200000000002,1.6082
FY24,1.5415999999999999,11.6014,2.3287999999999998,0.2626,1.4519,17.44,2.1904,0.2091
FY25,0.8963,-2.9157,-0.3839999999999999,0.05979999999999999,0.8554999999999999,-3.2975000000000003,0.6747,0.0362
FY26,0.5124799989508788,6.595459300128617,3.67236184000704,0.26759119379550633,0.4775484817454446,9.543878180468228,3.4439503743951705,0.16829239755402106
FY27,0.007566383111683325,0.726454378361753,3.555964628478321,0.163385334867477,0.007695072094536234,0.8712833166682992,2.5294971570502525,0.11463068036156461
