,missing,percent
contrib_clothing_footwear_comb,72,3.24
contrib_energy_comb,72,3.24
contrib_food_comb,72,3.24
contrib_household_comb,72,3.24
spi_prev_week,66,2.97
pct_wow_reported,66,2.97
pct_yoy_reported,66,2.97
source_file,66,2.97
week_end_reported,66,2.97
contrib_clothing_footwear_q1,66,2.97
contrib_energy_q1,66,2.97
contrib_food_q1,66,2.97
contrib_household_q1,66,2.97
spi_wow_pct_lag4,30,1.35
spi_wow_pct_lag2,18,0.81
spi_wow_pct_lag1,12,0.54
fx_wow_pct_lag1,12,0.54
spi_wow_pct,6,0.27
fx_wow_pct,6,0.27
target_spi_wow_pct_next,6,0.27
diesel_pct_wow,6,0.27
petrol_pct_wow,6,0.27
fuel_revision_week,6,0.27
