,train_min,train_max,train_mean,train_sd
log_spi,4.80949782304466,5.828003997954946,5.280434876434379,0.3359613978073124
log_fx,5.020139424898731,5.723557516074805,5.327760236611128,0.2532222097178716
policy_rate,7.0,22.0,13.91636690647482,5.687060433896952
spi_wow_pct_lag1,-11.910398834456382,12.795240944771024,0.35319832636011605,1.190323272503154
spi_wow_pct_lag2,-11.910398834456382,12.795240944771024,0.35276762438846176,1.1924394121366226
spi_wow_pct_lag4,-11.910398834456382,12.795240944771024,0.35651784506375656,1.1958394964983818
fx_wow_pct,-5.453406036184649,13.516090571979134,0.2159813339742066,1.4967452304354973
fx_wow_pct_lag1,-5.453406036184649,13.516090571979134,0.21658389991676774,1.4994223514790794
ramadan_days_in_week,0.0,7.0,0.5287769784172662,1.7627109215815762
weeks_to_ramadan,0.0,50.4,24.918705035971218,14.15641088157295
